EventID,UserName,EventTime,PerformedBy
4725,user.1,2026-03-02 11:00:00,admin.svc
4725,user.2,2026-03-03 11:00:00,admin.svc
4725,user.3,2026-03-04 11:00:00,admin.svc
4725,user.4,2026-03-05 11:00:00,admin.svc
4725,user.5,2026-03-06 11:00:00,admin.svc
4725,user.6,2026-03-07 11:00:00,admin.svc
4725,user.7,2026-03-08 11:00:00,admin.svc
4725,user.8,2026-03-09 11:00:00,admin.svc
4725,user.9,2026-03-13 09:00:00,admin.svc
4624,user.10,2026-03-11 14:00:00,user.10
4728,other.user.0,2026-03-01 09:00:00,system
4728,other.user.1,2026-03-02 09:00:00,system
4624,other.user.2,2026-03-03 09:00:00,system
4728,other.user.3,2026-03-04 09:00:00,system
4625,other.user.4,2026-03-05 09:00:00,system
